2.851587831974029541e-01,-1.917029730975627899e-02,-2.967700734734535217e-02,-4.710864275693893433e-02,-2.107932418584823608e-02,3.180073499679565430e-01,1.199614722281694412e-02,-1.336715221405029297e-01,-9.815935045480728149e-02,-3.031145632266998291e-01,2.326667308807373047e-02,3.663939610123634338e-02
-2.568387193605303764e-03,-3.015297353267669678e-01,-3.383398652076721191e-01,1.466462165117263794e-01,-2.185046076774597168e-01,-1.735885739326477051e-01,1.316076964139938354e-01,1.094014197587966919e-01,-1.974688917398452759e-01,1.601805835962295532e-01,1.199467033147811890e-01,-6.495823711156845093e-02
6.136086583137512207e-01,-1.910592615604400635e-01,1.917654722929000854e-01,-1.857293695211410522e-01,-1.072184890508651733e-01,-7.950600981712341309e-02,1.183823272585868835e-01,-1.305103749036788940e-01,2.348028421401977539e-01,-4.750856384634971619e-02,-7.249825634062290192e-03,8.267415314912796021e-02
3.870890140533447266e-01,-4.138461872935295105e-02,-1.045980025082826614e-02,5.588628724217414856e-02,-7.767801731824874878e-02,-1.457910239696502686e-02,2.354055345058441162e-01,3.011652827262878418e-02,-2.621405571699142456e-02,8.871573209762573242e-01,9.815908223390579224e-02,2.335672527551651001e-01
1.880628615617752075e-01,7.924237102270126343e-02,-1.039986237883567810e-01,2.293695211410522461e-01,1.806803792715072632e-02,-1.413401067256927490e-01,7.677541971206665039e-01,2.311190403997898102e-02,-1.308656185865402222e-01,-9.979499876499176025e-02,1.107899378985166550e-02,2.429173439741134644e-01
-7.588351517915725708e-02,-3.189119696617126465e-01,1.841915249824523926e-01,-1.098206862807273865e-01,-2.051483392715454102e-01,-3.924510627985000610e-02,1.264468133449554443e-01,1.756343841552734375e-01,1.929664611816406250e-01,1.433314103633165359e-02,9.952820092439651489e-02,5.184881016612052917e-02
8.726834319531917572e-03,1.238500848412513733e-01,-3.072872059419751167e-03,-1.215555742383003235e-01,-2.664329111576080322e-01,7.927899807691574097e-02,2.369029819965362549e-01,-1.895682141184806824e-02,2.264545708894729614e-01,1.474491208791732788e-01,2.322357892990112305e-01,2.221983224153518677e-01
-4.398062229156494141e-01,-4.789336770772933960e-02,-1.575556397438049316e-02,2.374865487217903137e-02,-6.800848245620727539e-02,-2.302957512438297272e-02,1.784333139657974243e-01,8.664523251354694366e-03,5.634495988488197327e-02,4.240305721759796143e-01,-9.363579563796520233e-03,1.971015632152557373e-01
2.096365951001644135e-02,1.093531958758831024e-02,-1.034019216895103455e-01,-2.160567492246627808e-01,-6.030730903148651123e-02,7.920188456773757935e-02,-8.899044990539550781e-01,3.535011783242225647e-02,-4.601274058222770691e-02,3.037137091159820557e-01,9.325750172138214111e-02,-1.376069188117980957e-01
-1.608144044876098633e-01,1.115168184041976929e-01,-1.176911965012550354e-01,-6.392261385917663574e-02,3.921812474727630615e-01,-6.321956962347030640e-02,5.922308936715126038e-02,-7.480657845735549927e-02,-1.766898930072784424e-01,7.389622181653976440e-02,-5.469726398587226868e-02,1.548867225646972656e-01
-6.261844635009765625e-01,-1.252946555614471436e-01,1.133042871952056885e-01,-8.111160397529602051e-01,8.943423628807067871e-02,9.136113524436950684e-02,4.029787480831146240e-01,2.080847695469856262e-02,-9.154980629682540894e-02,-3.844811022281646729e-01,-5.372032150626182556e-02,-1.684161871671676636e-01
3.193887770175933838e-01,6.987244822084903717e-03,-8.056792616844177246e-02,-1.489789187908172607e-01,5.095679312944412231e-02,1.066137477755546570e-01,-1.827305555343627930e-02,4.948295280337333679e-02,1.191398650407791138e-01,9.512989223003387451e-02,-1.068989746272563934e-02,8.884204924106597900e-02
-2.073352038860321045e-01,5.423145368695259094e-03,-9.626081585884094238e-02,-3.740113079547882080e-01,4.885166138410568237e-02,-6.060929223895072937e-02,-7.768063247203826904e-02,3.569734469056129456e-02,-5.463107302784919739e-02,-1.749020516872406006e-01,3.618645668029785156e-02,-3.427479416131973267e-03
-1.606792658567428589e-01,-2.855371125042438507e-02,1.417159885168075562e-01,-4.465946555137634277e-02,-5.080870911478996277e-02,-5.079773813486099243e-02,-6.763712763786315918e-01,-2.510724402964115143e-02,4.153734445571899414e-02,6.207795441150665283e-02,1.854976080358028412e-02,-1.073025241494178772e-01
-2.173338085412979126e-01,-3.952317237854003906e-01,-1.957570463418960571e-01,3.761546909809112549e-01,7.508850097656250000e-02,-2.905871272087097168e-01,-1.572101265192031860e-01,-1.907232031226158142e-02,3.287476673722267151e-02,-3.547829389572143555e-02,-1.031955778598785400e-01,-8.280495554208755493e-02
-5.901209115982055664e-01,4.369742423295974731e-02,1.147109642624855042e-01,-4.877354204654693604e-02,-3.801494021899998188e-04,-1.790349483489990234e-01,1.704984158277511597e-01,-6.716531235724687576e-03,5.901256203651428223e-02,2.234628647565841675e-01,2.837649732828140259e-02,-8.500106632709503174e-02
-6.429702788591384888e-02,-4.279853031039237976e-02,2.178257703781127930e-02,1.169287636876106262e-01,-4.569024778902530670e-03,8.568319678306579590e-02,-8.741157501935958862e-02,1.198742259293794632e-02,-2.714200019836425781e-01,7.060139626264572144e-02,-2.603803994134068489e-03,-9.152700193226337433e-03
-4.140175580978393555e-01,-2.397893667221069336e-01,1.731830686330795288e-01,4.206880033016204834e-01,-2.229898050427436829e-02,1.408595591783523560e-01,-2.627068758010864258e-01,-2.845699191093444824e-01,-2.110098451375961304e-01,1.320135444402694702e-01,1.932458728551864624e-01,1.771394312381744385e-01
-1.748272031545639038e-02,6.843357533216476440e-02,1.987537890672683716e-01,1.598383188247680664e-01,-2.542459070682525635e-01,-1.364838238805532455e-02,1.525931805372238159e-01,-1.281028836965560913e-01,6.123303994536399841e-02,-1.660864055156707764e-01,-3.834324330091476440e-02,3.668972477316856384e-02
1.392391920089721680e-01,9.236226975917816162e-02,-5.473662912845611572e-02,6.676003336906433105e-02,-5.295723304152488708e-02,-1.906026601791381836e-01,-1.056472584605216980e-02,1.888805776834487915e-01,-1.835781931877136230e-01,-1.435363143682479858e-01,-1.508143395185470581e-01,-4.761770740151405334e-02
-1.831495314836502075e-01,-5.316365510225296021e-02,-3.963166475296020508e-02,6.695140153169631958e-02,-1.547126173973083496e-01,-6.820761598646640778e-03,1.020226120948791504e+00,1.184197887778282166e-02,-2.285067550837993622e-02,3.853541240096092224e-02,-8.204142749309539795e-02,1.028152480721473694e-01
-6.844273954629898071e-02,3.570127114653587341e-02,1.828274875879287720e-02,5.277442559599876404e-02,1.636104658246040344e-02,4.028684645891189575e-02,3.669963451102375984e-03,2.909369766712188721e-01,-4.710226878523826599e-02,2.532766014337539673e-02,7.459857966750860214e-03,1.232674717903137207e-02
-1.208610553294420242e-02,5.392817780375480652e-02,3.729477524757385254e-02,1.332685798406600952e-01,-1.160757690668106079e-01,-1.415464095771312714e-02,-8.247855901718139648e-01,6.088871881365776062e-02,3.760917484760284424e-02,5.183115974068641663e-02,4.709989205002784729e-02,1.510958224534988403e-01
-2.413091063499450684e-02,-2.373843342065811157e-01,-2.099737524986267090e-01,4.528151154518127441e-01,-1.669157594442367554e-01,-3.007150292396545410e-01,-1.342003494501113892e-01,1.596292257308959961e-01,3.497302159667015076e-02,-1.728670001029968262e-01,-7.150123268365859985e-02,-1.134975478053092957e-01
5.780076980590820312e-01,-6.258094310760498047e-02,4.541016370058059692e-02,2.028974443674087524e-01,5.010972544550895691e-02,5.076213926076889038e-02,2.688305974006652832e-01,7.646749168634414673e-02,3.713799268007278442e-02,-3.685786128044128418e-01,6.773198023438453674e-03,2.003772743046283722e-02
-2.783291339874267578e-01,3.549427166581153870e-02,-5.157031863927841187e-02,-2.441843301057815552e-01,2.371224761009216309e-02,-2.458400130271911621e-01,-1.965496838092803955e-01,-1.261419951915740967e-01,4.855667427182197571e-02,-2.763631939888000488e-01,4.089042171835899353e-02,-3.625474274158477783e-01
8.545770645141601562e-01,9.481631219387054443e-02,-5.144368857145309448e-02,2.447415739297866821e-01,9.162337332963943481e-02,-8.295241743326187134e-02,2.253439044579863548e-03,-4.789378866553306580e-02,3.178929090499877930e-01,-2.661021351814270020e-01,-8.405189961194992065e-02,1.378255635499954224e-01
-2.487249299883842468e-02,-1.237393543124198914e-02,-1.118172034621238708e-01,-2.635050415992736816e-01,-5.166819319128990173e-02,1.012687981128692627e-01,2.645405568182468414e-02,-4.414904117584228516e-02,-8.099122345447540283e-02,6.559462100267410278e-02,-1.080207750201225281e-01,-3.149110674858093262e-01
3.462432026863098145e-01,-1.230570953339338303e-02,-4.793958663940429688e-01,-9.627909660339355469e-01,-3.735291659832000732e-01,-3.698064684867858887e-01,1.054421663284301758e+00,-1.605740636587142944e-01,1.326697319746017456e-01,-6.106833219528198242e-01,-3.321927785873413086e-01,-2.608732581138610840e-01
-1.307444572448730469e-01,-1.545211672782897949e-01,-1.572766304016113281e-01,-2.855356335639953613e-01,1.191675439476966858e-01,1.632113456726074219e-01,5.006126165390014648e-01,1.318460423499345779e-02,-1.750273108482360840e-01,-4.540994763374328613e-02,4.290680587291717529e-01,-1.238760203123092651e-01
8.330640196800231934e-01,-3.667810559272766113e-02,2.854236364364624023e-01,-2.440053522586822510e-01,7.980831898748874664e-03,-1.120663657784461975e-01,2.791670262813568115e-01,1.783395186066627502e-02,-4.146009683609008789e-02,-1.937676519155502319e-01,2.110525965690612793e-01,-1.013363152742385864e-01
-3.909581899642944336e-01,-1.213669255375862122e-01,-1.922804117202758789e-01,-4.704169929027557373e-01,2.659548632800579071e-02,1.651019304990768433e-01,-6.578382253646850586e-01,1.061459165066480637e-02,-2.137464880943298340e-01,2.588551305234432220e-02,7.737509906291961670e-03,1.560525894165039062e-01
2.701639831066131592e-01,-6.914358586072921753e-02,-9.449429064989089966e-02,-2.189313769340515137e-01,-2.314059622585773468e-02,2.546901404857635498e-01,-5.138319730758666992e-01,3.838173113763332367e-03,-1.187077537178993225e-02,7.037784159183502197e-02,-1.204515248537063599e-01,1.164992228150367737e-01
6.768111139535903931e-02,5.401744972914457321e-03,-3.147907182574272156e-02,-1.143550127744674683e-01,-3.312527760863304138e-02,1.069404125213623047e+00,4.271142929792404175e-02,3.977082297205924988e-02,4.122390225529670715e-02,2.593410015106201172e-02,-1.644768938422203064e-02,1.190531346946954727e-02
5.368622019886970520e-02,1.260664463043212891e-01,1.562160700559616089e-01,-4.124822020530700684e-01,4.519006237387657166e-02,3.092207014560699463e-01,2.544549852609634399e-02,5.318763852119445801e-02,-2.683682143688201904e-01,-9.605067782104015350e-03,-2.669124901294708252e-01,2.100993543863296509e-01
8.904302120208740234e-02,-2.732703089714050293e-02,2.101088017225265503e-01,1.868560351431369781e-02,-8.965979330241680145e-03,-5.536462366580963135e-02,2.708582766354084015e-02,3.641088679432868958e-02,-3.409215211868286133e-01,-7.248058170080184937e-02,2.949665649794042110e-04,1.674864888191223145e-01
5.423787981271743774e-03,-2.913812175393104553e-03,1.261208057403564453e-01,-2.494683712720870972e-01,7.454986684024333954e-03,5.721705779433250427e-02,7.563751339912414551e-01,-4.979874193668365479e-02,2.841014601290225983e-02,2.677733004093170166e-01,-2.262923866510391235e-02,1.378293931484222412e-01
-3.637183010578155518e-01,-1.409827023744583130e-01,1.267872750759124756e-01,-7.389444708824157715e-01,-2.315331622958183289e-02,-2.458153814077377319e-01,-6.959339380264282227e-01,-2.030902653932571411e-01,2.675304003059864044e-02,1.766753792762756348e-01,1.011369228363037109e-01,-1.617532372474670410e-01
4.163416475057601929e-02,1.188562139868736267e-01,-7.151190936565399170e-02,-4.100099503993988037e-01,-6.912493705749511719e-02,6.434478610754013062e-02,2.380270510911941528e-01,-2.061773091554641724e-02,2.434118688106536865e-01,3.189536631107330322e-01,-1.126529369503259659e-02,-1.029954701662063599e-01
-1.320801675319671631e-01,-4.241086542606353760e-02,4.571861121803522110e-03,1.566327214241027832e-01,-1.907323370687663555e-03,2.785525023937225342e-01,-1.046942844986915588e-01,-2.196674421429634094e-02,-1.098002865910530090e-01,3.134950101375579834e-01,-2.397743612527847290e-02,-2.145061641931533813e-01
3.435365259647369385e-01,1.852275617420673370e-02,1.025656312704086304e-01,-6.120059266686439514e-02,-5.438191816210746765e-02,-1.804485218599438667e-03,-5.623431205749511719e-01,1.172191128134727478e-01,-1.913029104471206665e-01,-1.201636344194412231e-01,1.978789689019322395e-03,1.493248790502548218e-01
-4.914384782314300537e-01,-5.115425214171409607e-03,2.865121886134147644e-02,-2.668370604515075684e-01,1.212623953819274902e+00,1.043402124196290970e-02,2.501177368685603142e-04,2.390077710151672363e-02,-2.380747348070144653e-02,1.099835187196731567e-01,4.882541671395301819e-02,2.687073685228824615e-02
-1.632744371891021729e-01,6.020344421267509460e-02,-1.095726191997528076e-01,4.189457595348358154e-01,1.015663146972656250e-01,-1.078384742140769958e-01,7.752019166946411133e-01,-1.460001319646835327e-01,-1.972436308860778809e-01,-3.626621142029762268e-02,1.251201611012220383e-02,-4.052182734012603760e-01
-8.203651756048202515e-02,1.548010110855102539e-02,-9.193719923496246338e-02,3.124726414680480957e-01,-7.058198098093271255e-03,-3.115155547857284546e-02,-3.295084834098815918e-01,-3.271321952342987061e-02,9.167557954788208008e-02,2.266897708177566528e-01,-9.338487684726715088e-02,1.257394254207611084e-01
-4.371754825115203857e-01,3.847309947013854980e-02,9.458011388778686523e-02,-2.499464303255081177e-01,4.771603643894195557e-02,6.126420944929122925e-02,-3.945860266685485840e-01,4.056113213300704956e-02,3.137109577655792236e-01,-3.675579130649566650e-01,6.532175093889236450e-02,-8.996986597776412964e-02
5.121529102325439453e-01,2.522823773324489594e-02,-5.465027876198291779e-03,1.228900067508220673e-02,7.440772373229265213e-03,9.345471858978271484e-02,-7.143773138523101807e-02,-1.254428476095199585e-01,5.112791433930397034e-02,1.067933812737464905e-01,3.484445391222834587e-03,-2.215691804885864258e-01
7.856382727622985840e-01,-2.775144018232822418e-02,1.587303727865219116e-01,2.987972497940063477e-01,-4.291336610913276672e-02,-1.149172335863113403e-01,1.502250581979751587e-01,-1.309193074703216553e-01,-1.285361349582672119e-01,3.283573389053344727e-01,-4.867848381400108337e-02,-3.489153087139129639e-01
-6.167508661746978760e-02,8.614856004714965820e-02,1.021816805005073547e-01,3.877788484096527100e-01,6.164689660072326660e-01,6.293675303459167480e-02,5.444169789552688599e-02,3.579292446374893188e-02,3.587135300040245056e-02,7.269957661628723145e-02,-6.482223980128765106e-03,3.674500063061714172e-02
4.555842876434326172e-01,9.218410402536392212e-02,-1.662845350801944733e-02,4.812061488628387451e-01,8.073741942644119263e-02,4.773023724555969238e-01,3.781973123550415039e-01,-8.778934925794601440e-02,-1.330888420343399048e-01,-2.385912537574768066e-01,-3.796021267771720886e-02,-1.199655160307884216e-01
-1.048093289136886597e-02,3.958643376827239990e-01,1.395027339458465576e-01,3.225232241675257683e-03,7.439132779836654663e-03,-1.433921456336975098e-01,2.101704012602567673e-03,2.439437657594680786e-01,-7.147796452045440674e-03,1.427276432514190674e-01,9.875341504812240601e-02,-1.277726702392101288e-02
3.049097657203674316e-01,1.055288165807723999e-01,-5.682865157723426819e-02,4.512457847595214844e-01,6.168217957019805908e-02,-1.959422603249549866e-02,-4.871879220008850098e-01,4.724632576107978821e-02,-1.103124320507049561e-01,4.461569339036941528e-02,3.411990404129028320e-02,1.663615852594375610e-01
-3.384798467159271240e-01,-2.008639872074127197e-01,1.866809837520122528e-02,4.042148888111114502e-01,-1.101174652576446533e-01,1.451063752174377441e-01,-1.132369488477706909e-01,3.753711283206939697e-02,1.447558104991912842e-01,-4.877250641584396362e-02,-1.045842282474040985e-02,-4.407779574394226074e-01
-6.706268191337585449e-01,9.695814549922943115e-02,-2.974182069301605225e-01,-5.537549257278442383e-01,2.877913974225521088e-02,1.451545953750610352e-01,7.890317440032958984e-01,1.611795127391815186e-01,1.270122453570365906e-02,-4.370198249816894531e-01,-1.415586024522781372e-01,-2.799816988408565521e-02
2.280647456645965576e-01,1.572436094284057617e-01,1.032007709145545959e-01,1.160351634025573730e-01,-5.332664772868156433e-02,-1.440042853355407715e-01,-5.150376558303833008e-01,3.003338351845741272e-03,-2.823343873023986816e-01,4.311584234237670898e-01,-4.792843759059906006e-02,-1.676982343196868896e-01
4.173843860626220703e-01,-2.236222922801971436e-01,3.197048008441925049e-01,-2.040300220251083374e-01,3.520270437002182007e-02,1.477281898260116577e-01,1.051117777824401855e-01,5.862277001142501831e-02,-1.246927957981824875e-02,-1.379967574030160904e-02,2.536553516983985901e-02,-7.176657766103744507e-02
5.336056649684906006e-02,1.197587475180625916e-01,-5.425754934549331665e-03,-1.671793870627880096e-02,1.090013757348060608e-01,5.480487272143363953e-02,-2.038798779249191284e-01,3.271954655647277832e-01,2.499145567417144775e-01,8.951503038406372070e-02,2.623222535476088524e-04,-5.406323447823524475e-02
-5.513459444046020508e-01,7.707718294113874435e-03,3.084833035245537758e-03,2.431136667728424072e-01,-4.126392677426338196e-02,1.582285463809967041e-01,-3.726250529289245605e-01,2.913224883377552032e-02,1.499550789594650269e-01,2.410664111375808716e-01,-4.927901551127433777e-03,4.411078989505767822e-02
4.108216762542724609e-01,3.797920048236846924e-02,-2.343558967113494873e-01,1.695536524057388306e-01,1.245219558477401733e-01,-1.136560589075088501e-01,1.163759827613830566e-01,5.520172417163848877e-02,-1.142718866467475891e-01,-2.800728380680084229e-02,7.321999222040176392e-02,-1.404243707656860352e-01
-1.249523609876632690e-01,3.152199834585189819e-02,-1.520149856805801392e-01,-7.464045882225036621e-01,1.276085227727890015e-01,-1.618014574050903320e-01,-4.323416352272033691e-01,-1.951481252908706665e-01,3.719568997621536255e-02,2.719974815845489502e-01,-2.284068167209625244e-01,-9.972798870876431465e-04
-1.264021396636962891e-01,-3.984107077121734619e-02,4.537028819322586060e-02,2.674306929111480713e-02,-7.457471489906311035e-01,1.411935091018676758e-01,1.098973080515861511e-01,5.431843921542167664e-03,-4.969699308276176453e-02,1.281451582908630371e-01,2.373294904828071594e-02,3.988270089030265808e-02
2.920151948928833008e-01,-2.117114216089248657e-01,4.252846240997314453e-01,1.820177584886550903e-02,2.708184719085693359e-01,-2.509906142950057983e-02,1.345986220985651016e-02,-7.755959630012512207e-01,-1.159178912639617920e-01,1.408526450395584106e-01,8.614151179790496826e-02,-1.790327429771423340e-01
-2.905635833740234375e-01,-1.425179690122604370e-01,5.185032263398170471e-02,1.583724617958068848e-01,1.101746931672096252e-01,-1.300591044127941132e-02,4.230809509754180908e-01,-1.077867075800895691e-01,1.162187904119491577e-01,5.828886032104492188e-01,1.620694696903228760e-01,-4.361811280250549316e-02
-1.972142755985260010e-01,9.097272157669067383e-01,-2.855134904384613037e-01,-1.559161953628063202e-02,4.073361754417419434e-01,-1.070557087659835815e-01,9.719377756118774414e-02,-9.285483509302139282e-02,1.090368404984474182e-01,-1.553492695093154907e-01,-2.208329364657402039e-02,2.891986630856990814e-03
-1.275250315666198730e-01,9.863107651472091675e-02,-1.483420841395854950e-02,2.274484187364578247e-01,1.575123220682144165e-01,7.238500565290451050e-02,1.566941440105438232e-01,-6.511619687080383301e-02,1.175124198198318481e-01,3.798148334026336670e-01,1.106451004743576050e-01,1.774103194475173950e-01
1.891129836440086365e-02,-1.068687960505485535e-01,-2.640493512153625488e-01,-9.664666838943958282e-03,-1.081470176577568054e-01,5.958410724997520447e-02,1.624815165996551514e-01,-1.128137409687042236e-01,1.436079107224941254e-02,-6.419587135314941406e-02,4.920400306582450867e-02,9.959758818149566650e-02
4.484628327190876007e-03,-1.933969557285308838e-02,1.147915422916412354e-01,-1.372725069522857666e-01,-5.398050695657730103e-02,-1.139467433094978333e-01,2.076063603162765503e-01,-1.679393500089645386e-01,1.181458532810211182e-01,7.553817331790924072e-02,8.071172982454299927e-03,-6.037466600537300110e-02
-4.207453131675720215e-01,-8.293222635984420776e-02,-6.372592598199844360e-02,-5.703238397836685181e-02,1.582520827651023865e-02,7.373882085084915161e-02,-3.374673053622245789e-02,-3.297400847077369690e-02,2.365005314350128174e-01,-3.353289365768432617e-01,4.048118367791175842e-02,-2.869590818881988525e-01
5.897126346826553345e-02,5.722915753722190857e-02,-3.050419501960277557e-03,1.175450254231691360e-02,-6.600993126630783081e-02,8.957743644714355469e-02,5.045373737812042236e-02,5.980232357978820801e-02,3.629037439823150635e-01,3.850656747817993164e-02,4.218327999114990234e-02,-5.002100020647048950e-02
1.964320242404937744e-01,1.454256474971771240e-02,3.454086929559707642e-02,1.999912858009338379e-01,8.062607049942016602e-02,-5.065315961837768555e-02,-3.259036242961883545e-01,4.100419580936431885e-02,8.938276208937168121e-03,3.089115619659423828e-01,-2.220891602337360382e-02,6.919389218091964722e-02
8.239236194640398026e-04,1.555310189723968506e-02,7.904125750064849854e-02,-8.709201961755752563e-02,-5.613468214869499207e-02,1.028813421726226807e-01,-7.520384341478347778e-02,-3.890979662537574768e-02,-4.232305288314819336e-02,7.419723272323608398e-02,3.706434965133666992e-01,8.982860483229160309e-03
9.412630647420883179e-02,7.500390708446502686e-02,-3.046940639615058899e-02,4.973592162132263184e-01,-3.101094625890254974e-02,-7.947810925543308258e-03,-6.208621859550476074e-01,3.094311952590942383e-01,7.296036183834075928e-02,1.479609459638595581e-01,2.059601806104183197e-02,-9.089215844869613647e-02
2.053755223751068115e-01,-2.871835045516490936e-02,-3.361248224973678589e-02,-2.249182462692260742e-01,1.805420964956283569e-02,1.195306926965713501e-01,4.908244311809539795e-01,1.725063472986221313e-01,1.424288898706436157e-01,-4.235830307006835938e-01,-4.817347228527069092e-02,-1.712550222873687744e-01
-4.655075073242187500e-02,-1.643592864274978638e-02,1.204451452940702438e-02,1.867212355136871338e-01,1.559814065694808960e-02,-9.085097163915634155e-02,2.347924858331680298e-01,2.992377988994121552e-02,-1.307974755764007568e-02,-1.271394252777099609e+00,-5.513412132859230042e-02,-3.999001160264015198e-02
2.242412567138671875e-01,1.811566650867462158e-01,-1.187780499458312988e-01,-3.385236561298370361e-01,1.153497397899627686e-01,-1.954747438430786133e-01,8.226437121629714966e-02,-2.149406075477600098e-01,-5.051719397306442261e-02,1.387229114770889282e-01,2.018608897924423218e-02,-1.518396940082311630e-02
3.247516155242919922e-01,-2.162544131278991699e-01,1.296965628862380981e-01,3.773888349533081055e-01,-8.464059978723526001e-02,-2.574701309204101562e-01,-3.369300439953804016e-02,-1.509755551815032959e-01,-7.975971698760986328e-02,-4.377384185791015625e-01,-5.609992519021034241e-02,5.051701143383979797e-02
-1.437512487173080444e-01,9.723433852195739746e-02,2.055000364780426025e-01,3.721045553684234619e-01,4.022643268108367920e-01,4.209543019533157349e-02,-1.883440613746643066e-01,1.268763989210128784e-01,-1.424317155033349991e-02,2.715657353401184082e-01,4.298066254705190659e-03,2.291190251708030701e-02
1.825529932975769043e-01,-4.679728671908378601e-02,2.242293804883956909e-01,4.385144636034965515e-02,-1.495112478733062744e-01,1.366647928953170776e-01,6.443690657615661621e-01,-5.248227715492248535e-02,-2.472049556672573090e-02,-4.283987581729888916e-01,-2.882125414907932281e-02,-4.507990181446075439e-02
-1.209857240319252014e-01,2.465016767382621765e-02,4.744176939129829407e-02,-2.112459987401962280e-01,1.228199806064367294e-02,1.139865666627883911e-01,3.812860548496246338e-01,2.882335335016250610e-02,-1.948168128728866577e-02,9.850299358367919922e-02,-1.934089697897434235e-03,8.476413041353225708e-02
7.658582925796508789e-01,6.479528546333312988e-02,1.686233095824718475e-02,-3.893590271472930908e-01,2.859545871615409851e-02,1.091480553150177002e-01,-1.777620762586593628e-01,-8.196640014648437500e-02,1.802714169025421143e-01,2.173814624547958374e-01,-1.280912458896636963e-01,1.901581287384033203e-01
4.159279465675354004e-01,-2.938809618353843689e-02,4.439468681812286377e-02,5.889247357845306396e-02,5.877848714590072632e-03,-1.020947024226188660e-01,-5.318253636360168457e-01,2.633482962846755981e-02,6.700618658214807510e-03,-2.195627391338348389e-01,-7.443511486053466797e-02,-2.740432973951101303e-03
3.254460096359252930e-01,-2.858296781778335571e-02,-1.174561772495508194e-02,1.369988620281219482e-01,-1.656720414757728577e-03,-3.758313357830047607e-01,1.779658645391464233e-01,-3.636833280324935913e-02,-3.961101546883583069e-02,-2.805241644382476807e-01,-4.872935637831687927e-02,-2.417306154966354370e-01
3.826338350772857666e-01,-1.942746457643806934e-03,-1.009779870510101318e-01,9.616120904684066772e-02,1.491672694683074951e-01,-3.273330032825469971e-01,-1.742713749408721924e-01,-2.205321751534938812e-02,-2.176573425531387329e-01,1.643844991922378540e-01,2.607526779174804688e-01,-2.068447321653366089e-01
-3.990035653114318848e-01,1.756835877895355225e-01,-8.402643725275993347e-03,1.485444903373718262e-01,4.276672378182411194e-02,-9.463619440793991089e-02,2.843196392059326172e-01,3.806421905755996704e-02,3.892902433872222900e-01,-6.226323246955871582e-01,-7.627828419208526611e-02,2.745190635323524475e-02
-2.750408947467803955e-01,7.147326320409774780e-02,-1.261202991008758545e-02,-3.306918740272521973e-01,-5.288579687476158142e-02,4.681833982467651367e-01,5.284849405288696289e-01,-5.254937335848808289e-02,-2.929092645645141602e-01,-4.569354951381683350e-01,-1.402333825826644897e-01,-1.795906275510787964e-01
6.872839927673339844e-01,-1.942185312509536743e-02,2.952876091003417969e-01,1.904258280992507935e-01,-6.094205006957054138e-02,2.203157842159271240e-01,3.137025237083435059e-01,-1.720642894506454468e-01,1.028456464409828186e-01,2.201110422611236572e-01,-7.505711633712053299e-03,-9.887447208166122437e-02
-4.733464717864990234e-01,1.109474804252386093e-02,6.390091031789779663e-02,-6.350445151329040527e-01,1.478062942624092102e-02,6.967928260564804077e-02,-3.721567243337631226e-02,-3.842034935951232910e-02,-1.293446868658065796e-01,5.011671781539916992e-01,2.415791153907775879e-03,3.627010285854339600e-01
-2.662383317947387695e-01,1.250879317522048950e-01,-8.925134688615798950e-02,-2.922434210777282715e-01,-1.108613684773445129e-01,1.930647194385528564e-01,-1.324823126196861267e-03,1.177884936332702637e-01,-3.040121793746948242e-01,-1.871315389871597290e-02,6.948359310626983643e-02,3.887619078159332275e-01
-6.747065186500549316e-01,1.305611431598663330e-01,-2.445643395185470581e-01,-3.105120062828063965e-01,-1.041675582528114319e-01,-4.897806048393249512e-02,4.985788464546203613e-01,-7.617416977882385254e-02,-6.314150094985961914e-01,-5.601525902748107910e-01,2.257242240011692047e-02,-1.832147121429443359e+00
-3.316672146320343018e-02,3.839805349707603455e-02,3.533613085746765137e-01,2.659928984940052032e-02,9.149013459682464600e-02,-1.709258407354354858e-01,-2.444644421339035034e-01,1.097066253423690796e-01,-6.363390386104583740e-02,-2.193920165300369263e-01,5.091435462236404419e-02,-9.420488774776458740e-02
-1.220852658152580261e-01,1.672981232404708862e-01,-8.867639303207397461e-02,7.466893643140792847e-02,9.087968617677688599e-02,-8.314075320959091187e-02,-1.341827809810638428e-01,-7.099092006683349609e-02,-1.118809953331947327e-01,2.402848564088344574e-02,-1.091121044009923935e-02,-8.809170685708522797e-03
-5.503843426704406738e-01,3.842308223247528076e-01,-1.656832844018936157e-01,4.737533628940582275e-02,1.137059777975082397e-01,1.719337701797485352e-01,3.579400479793548584e-02,3.518674056977033615e-03,-4.615187644958496094e-02,2.060070633888244629e-01,-2.260983735322952271e-02,-1.247285902500152588e-01
-2.891520857810974121e-01,4.498032033443450928e-01,-1.187755346298217773e+00,-1.863422840833663940e-01,5.788465142250061035e-01,-7.153304759413003922e-03,9.465985000133514404e-02,-1.016863062977790833e-01,-2.234679274260997772e-02,1.817465722560882568e-01,2.209776639938354492e-01,-6.337890401482582092e-03
-2.626318335533142090e-01,-5.174240469932556152e-02,1.720875352621078491e-01,-2.177343368530273438e-01,2.449847757816314697e-02,-4.112352430820465088e-01,7.785204052925109863e-02,1.104391291737556458e-01,1.768503040075302124e-01,-3.056331276893615723e-01,3.317534225061535835e-03,3.983037173748016357e-02
3.120496869087219238e-01,3.034390211105346680e-01,1.489087492227554321e-01,1.059502243995666504e+00,-3.777032196521759033e-01,1.313216984272003174e-01,7.110281586647033691e-01,2.708362340927124023e-01,-1.132830142974853516e+00,8.023764006793498993e-03,-5.019696056842803955e-02,-1.346834301948547363e-01
4.633183181285858154e-01,-2.878613583743572235e-02,-1.694647669792175293e-01,-3.033121228218078613e-01,-1.749845966696739197e-02,-2.323883324861526489e-01,5.926146507263183594e-01,-5.276593565940856934e-02,-1.285966187715530396e-01,1.921369135379791260e-02,3.903699293732643127e-02,6.290723383426666260e-02
2.809599041938781738e-01,-1.059363186359405518e-01,3.966448828577995300e-02,4.317876398563385010e-01,-7.251827418804168701e-02,2.573265135288238525e-01,-1.082175783812999725e-02,5.492821335792541504e-02,-9.625646471977233887e-02,-2.511516213417053223e-01,-6.188042461872100830e-02,-8.560761809349060059e-02
-3.239346742630004883e-01,-1.044101268053054810e-01,9.860176593065261841e-02,-6.497561931610107422e-01,-1.147689670324325562e-01,-1.407740116119384766e-01,3.890066742897033691e-01,1.382048130035400391e-01,-6.153848022222518921e-02,3.252887353301048279e-02,-2.307213470339775085e-02,-4.408773500472307205e-03
-2.550178170204162598e-01,5.288325995206832886e-02,1.996753513813018799e-01,1.104151457548141479e-01,-3.700845316052436829e-02,-1.859045326709747314e-01,-4.774122536182403564e-01,3.159406036138534546e-02,-5.441928654909133911e-02,6.625074148178100586e-01,-2.680616825819015503e-02,-1.416501104831695557e-01
-1.177064180374145508e-01,2.314157187938690186e-01,-9.634632617235183716e-02,-7.092119455337524414e-01,-1.114184595644474030e-02,-6.687082350254058838e-02,-2.045599073171615601e-01,5.659350752830505371e-02,-2.080801278352737427e-01,-6.448361277580261230e-02,-1.093361899256706238e-01,-5.350485444068908691e-02
1.378203183412551880e-01,3.580578044056892395e-02,-1.212229877710342407e-01,3.352424129843711853e-02,2.223250716924667358e-01,-1.792515814304351807e-01,3.174373880028724670e-02,-2.375138737261295319e-02,-8.045235648751258850e-03,1.860461384057998657e-01,1.496954113245010376e-01,5.197774618864059448e-02
-9.270316362380981445e-02,1.350576132535934448e-01,-1.921655982732772827e-02,7.114358991384506226e-02,-3.256125748157501221e-02,1.477819383144378662e-01,3.793213516473770142e-02,9.951812028884887695e-02,-5.454246699810028076e-02,-4.001692309975624084e-02,-1.127632185816764832e-01,4.013301804661750793e-02
-5.554742366075515747e-02,-5.780725181102752686e-02,-2.390666119754314423e-02,-1.531167328357696533e-01,-9.403565526008605957e-02,1.487874686717987061e-01,-2.723545208573341370e-02,-6.991720199584960938e-02,1.662401109933853149e-01,-2.853127717971801758e-01,-3.070920109748840332e-01,-2.527602948248386383e-02
-1.922636032104492188e-01,-3.819241374731063843e-02,-1.315234042704105377e-02,3.859857320785522461e-01,-1.200592145323753357e-01,-1.845088601112365723e-01,-9.242176413536071777e-01,-6.445788592100143433e-02,3.705053403973579407e-02,3.598126173019409180e-01,-4.839073866605758667e-02,-6.815798580646514893e-02
8.486045897006988525e-02,7.650195062160491943e-02,-2.180767245590686798e-02,2.965500354766845703e-01,2.307335101068019867e-02,5.076267197728157043e-02,-1.742794960737228394e-01,4.568419884890317917e-03,-4.080437123775482178e-02,-3.911472111940383911e-02,4.520842432975769043e-02,-3.109405636787414551e-01
2.631933093070983887e-01,-6.789270788431167603e-02,-5.847050994634628296e-02,-4.599677324295043945e-01,8.937463909387588501e-02,8.871326595544815063e-02,2.957814931869506836e-01,-3.667690977454185486e-02,-5.403244495391845703e-02,5.362522229552268982e-02,6.272608786821365356e-02,-4.037738218903541565e-02
1.777016669511795044e-01,1.415094826370477676e-02,8.957501500844955444e-02,-4.387138038873672485e-02,2.134218439459800720e-02,-3.782644271850585938e-01,1.418507844209671021e-02,-5.979100242257118225e-03,-3.577403351664543152e-02,1.251512579619884491e-02,-6.035795062780380249e-02,1.470939666032791138e-01
-6.351611614227294922e-01,-5.565998330712318420e-02,-8.433330804109573364e-02,1.855391412973403931e-01,-1.579651832580566406e-01,1.712544560432434082e-01,4.871295094490051270e-01,4.091771319508552551e-02,-1.027268320322036743e-01,2.024245560169219971e-01,-7.169688493013381958e-02,9.846330434083938599e-02
-3.121524155139923096e-01,-3.751071169972419739e-03,2.485910803079605103e-02,1.694269478321075439e-01,9.471340104937553406e-03,3.982907533645629883e-02,-4.144555032253265381e-01,-2.690649707801640034e-04,2.220955491065979004e-01,1.476951390504837036e-01,-7.996786385774612427e-02,-2.235905528068542480e-01
6.020759940147399902e-01,-2.386234235018491745e-03,-1.095067188143730164e-01,-1.150205507874488831e-01,4.457986727356910706e-02,1.129602491855621338e-01,-3.528280258178710938e-01,7.239825278520584106e-02,-7.591351866722106934e-02,1.325509250164031982e-01,1.202566400170326233e-01,-9.833084791898727417e-02
2.207986712455749512e-01,2.960982033982872963e-03,-1.307128071784973145e-01,2.006663680076599121e-01,7.043310254812240601e-02,6.693061441183090210e-02,-6.265161633491516113e-01,4.905784875154495239e-02,-8.142163977026939392e-03,5.450875163078308105e-01,-1.368171069771051407e-02,-4.338876157999038696e-02
-4.359568059444427490e-01,1.032209917902946472e-01,-3.156170845031738281e-01,-9.556308388710021973e-02,3.357817605137825012e-02,-1.957077085971832275e-01,-4.859103262424468994e-02,-6.615834310650825500e-03,1.442798823118209839e-01,-1.699461489915847778e-01,-4.026100784540176392e-02,4.450969770550727844e-02
2.763625681400299072e-01,-9.722679108381271362e-02,-6.360337138175964355e-02,-4.657955095171928406e-02,-7.469932548701763153e-03,-3.448586761951446533e-01,1.491478085517883301e-01,6.691852211952209473e-02,6.052259206771850586e-01,3.694458007812500000e-01,-7.375005632638931274e-02,-4.095444828271865845e-02
-1.472296565771102905e-01,-6.788025051355361938e-02,-8.574403822422027588e-02,-1.676750630140304565e-01,-4.419035278260707855e-03,2.795753628015518188e-02,-1.203859504312276840e-02,1.368241012096405029e-02,-4.395247101783752441e-01,1.341934204101562500e-01,-6.459494680166244507e-02,4.025156795978546143e-02
-1.243090853095054626e-01,2.208363711833953857e-01,7.435616105794906616e-02,-5.886309146881103516e-01,-1.344252973794937134e-01,-6.029120460152626038e-02,-1.235481575131416321e-01,3.901692479848861694e-02,-5.608737841248512268e-02,4.671446233987808228e-02,-8.291497826576232910e-02,4.515524022281169891e-03
-5.645365118980407715e-01,-1.840351372957229614e-01,1.050198525190353394e-01,1.948943436145782471e-01,-9.247157722711563110e-02,7.927772402763366699e-02,-5.928769335150718689e-02,-5.795882269740104675e-02,-1.661564558744430542e-01,8.233215808868408203e-01,-1.411801576614379883e-01,1.240278124809265137e+00
1.256915926933288574e-01,-4.147714078426361084e-01,3.199135661125183105e-01,6.594632267951965332e-01,2.848907560110092163e-02,4.263572692871093750e-01,-6.786224842071533203e-01,6.992337703704833984e-01,1.942635886371135712e-02,1.090738028287887573e-01,-9.895218163728713989e-02,-4.407131373882293701e-01
3.419298529624938965e-01,-1.383950710296630859e-01,-7.481232285499572754e-02,-4.116993844509124756e-01,8.488575695082545280e-04,1.461119949817657471e-01,4.773862063884735107e-01,-2.854684181511402130e-02,2.961499989032745361e-01,1.156535819172859192e-01,5.958813708275556564e-03,-1.787649542093276978e-01
-3.072072006762027740e-02,1.950960457324981689e-01,8.349544368684291840e-03,-1.169368475675582886e-01,-2.952203452587127686e-01,-3.311000764369964600e-02,-6.688122451305389404e-02,8.268419653177261353e-02,-9.752413630485534668e-02,-1.456993222236633301e-01,-6.871145684272050858e-03,-5.919955298304557800e-02
-2.784420549869537354e-01,-4.490660503506660461e-02,4.463564604520797729e-02,5.279654264450073242e-01,-1.483240872621536255e-01,-3.822731599211692810e-02,-6.293144077062606812e-02,-9.821133315563201904e-02,-2.107093110680580139e-02,-1.279818266630172729e-01,-1.874985545873641968e-02,-9.418535977602005005e-02
-1.395208686590194702e-01,2.343122661113739014e-02,-2.324744910001754761e-01,-1.842269152402877808e-01,-1.654572337865829468e-01,1.430631726980209351e-01,7.965365797281265259e-02,4.313602298498153687e-02,-6.115355342626571655e-02,1.455665975809097290e-01,-9.009157121181488037e-02,2.852534502744674683e-02
5.123255252838134766e-01,-1.973732709884643555e-01,8.134245872497558594e-01,2.815456390380859375e-01,4.300621151924133301e-02,4.937371611595153809e-01,6.582796573638916016e-01,-2.685270458459854126e-02,-5.241731181740760803e-02,-1.746607273817062378e-01,2.978377975523471832e-02,1.821684986352920532e-01
2.590131163597106934e-01,-1.859620213508605957e-01,-4.991379007697105408e-02,1.537460684776306152e-01,2.082256823778152466e-01,1.159323677420616150e-01,2.220773547887802124e-01,-1.452691853046417236e-01,-5.838119983673095703e-02,-5.120640993118286133e-01,3.301804885268211365e-02,5.712198093533515930e-02
9.217748418450355530e-03,-3.765041474252939224e-03,1.916093081235885620e-01,-1.993255764245986938e-01,-3.489024937152862549e-02,8.360787294805049896e-03,-7.245879173278808594e-01,-9.037122875452041626e-02,1.702290624380111694e-01,1.686958968639373779e-01,7.163573056459426880e-02,-1.021468341350555420e-01
8.858036249876022339e-02,1.582472920417785645e-01,2.249112725257873535e-01,-3.177194595336914062e-01,8.716571144759654999e-03,-5.584423989057540894e-02,2.301561534404754639e-01,-2.091698199510574341e-01,1.527103483676910400e-01,-1.364393234252929688e-01,1.251895129680633545e-01,3.684164211153984070e-02
-1.840301454067230225e-01,1.797246374189853668e-02,-3.438454121351242065e-02,-7.164337038993835449e-01,-1.704767346382141113e-02,1.149567030370235443e-02,-4.113078713417053223e-01,3.739714622497558594e-02,-1.062481570988893509e-02,-2.202708423137664795e-01,3.309141844511032104e-02,-4.410447180271148682e-02
-4.699753522872924805e-01,2.507431060075759888e-02,2.057115584611892700e-01,-3.440388739109039307e-01,-2.997253835201263428e-02,-1.518030464649200439e-01,1.254101246595382690e-01,3.040120191872119904e-02,2.911624871194362640e-02,1.515114903450012207e-01,-3.998396173119544983e-02,-1.406650431454181671e-02
-6.797462701797485352e-02,-9.293346107006072998e-02,-3.469124436378479004e-02,-1.596498042345046997e-01,1.276589632034301758e-01,-1.573490202426910400e-01,7.918810844421386719e-02,-6.249121204018592834e-02,4.315342009067535400e-01,-3.758071688935160637e-03,-4.566754028201103210e-02,1.630738750100135803e-02
4.095811545848846436e-01,1.266006845980882645e-02,-1.177590414881706238e-01,4.200924634933471680e-01,-5.446612834930419922e-02,2.155139483511447906e-02,-5.177012085914611816e-01,-5.580087006092071533e-02,-5.595086142420768738e-03,-2.494440823793411255e-01,-5.515535920858383179e-02,-9.406086988747119904e-03
-1.000066250562667847e-01,-2.348861098289489746e-02,-4.650952178053557873e-04,1.189850866794586182e-01,8.131688088178634644e-02,-4.574879109859466553e-01,2.973323687911033630e-02,-2.290931716561317444e-02,-1.191060617566108704e-01,-1.106090471148490906e-01,1.761040464043617249e-02,1.099555380642414093e-02
3.993432819843292236e-01,-4.855436086654663086e-02,2.207781188189983368e-02,-5.849757231771945953e-03,-1.180353537201881409e-01,1.581164002418518066e-01,4.239982664585113525e-01,1.424365192651748657e-01,-2.120918035507202148e-01,2.753227576613426208e-02,-2.749840961769223213e-03,-1.327417939901351929e-01
2.761435806751251221e-01,-3.489609658718109131e-01,2.960947714745998383e-02,8.958180248737335205e-02,1.013392210006713867e-02,-2.896595979109406471e-03,-1.470605581998825073e-01,3.850835934281349182e-02,-5.534754693508148193e-02,4.626166522502899170e-01,5.308083444833755493e-02,-1.513061225414276123e-01
-3.745001181960105896e-02,6.203059852123260498e-02,1.534262448549270630e-01,-2.179642468690872192e-01,-2.261139601469039917e-01,6.778474897146224976e-02,2.098946571350097656e-01,2.374065220355987549e-01,3.167538670822978020e-03,4.300073683261871338e-01,-3.604348376393318176e-02,1.735332608222961426e-02
-9.251308441162109375e-01,-1.951210014522075653e-02,-6.068153679370880127e-02,6.000670790672302246e-01,-1.112549751996994019e-01,2.582873106002807617e-01,-1.986685544252395630e-01,-2.235890924930572510e-02,1.373864263296127319e-01,-1.635141670703887939e-01,-2.244006842374801636e-02,-1.006305366754531860e-01
-1.977596431970596313e-01,-6.231561675667762756e-02,-5.177691113203763962e-03,1.470601409673690796e-01,2.178409881889820099e-02,2.468206733465194702e-01,-9.443663060665130615e-02,-4.916371777653694153e-02,1.980018466711044312e-01,-6.527338624000549316e-01,2.153829336166381836e-01,2.355262041091918945e-01
3.163022920489311218e-02,-3.585896790027618408e-01,-1.666044592857360840e-01,3.740065544843673706e-02,1.463450938463211060e-01,-1.181532889604568481e-01,-9.798344969749450684e-02,-1.018855944275856018e-01,1.299087703227996826e-01,-3.291901051998138428e-01,-6.240301206707954407e-02,-5.247644707560539246e-02
3.406012356281280518e-01,-1.651023030281066895e-01,5.856763105839490891e-03,1.165369227528572083e-01,5.812469497323036194e-02,1.619870066642761230e-01,-7.141821384429931641e-01,4.014678299427032471e-03,1.812027841806411743e-01,-1.724082529544830322e-01,9.195636212825775146e-02,4.143023490905761719e-02
-6.847291588783264160e-01,1.269410848617553711e-01,3.282788097858428955e-01,5.023524761199951172e-01,-1.170855537056922913e-01,1.163564026355743408e-01,5.938730388879776001e-02,-2.056575007736682892e-02,-2.718211710453033447e-01,4.303786754608154297e-01,1.404976546764373779e-01,9.074650704860687256e-02
1.559150338172912598e+00,1.828861981630325317e-01,-2.534641027450561523e-01,2.808385528624057770e-02,-1.454565674066543579e-02,6.305923461914062500e-01,-3.123598396778106689e-01,-2.881707437336444855e-02,-2.288772463798522949e-01,-1.423082663677632809e-03,-2.298591583967208862e-01,2.266740947961807251e-01
-1.479091960936784744e-02,-1.439197659492492676e-01,-1.686208248138427734e-01,1.200653314590454102e-01,-1.663599349558353424e-02,2.109035253524780273e-01,-3.108954429626464844e-01,1.318419585004448891e-03,-1.125470846891403198e-01,3.577781468629837036e-02,8.065105974674224854e-02,7.554294541478157043e-03
-1.704460829496383667e-01,-7.418669760227203369e-02,4.149987548589706421e-02,-6.223667412996292114e-02,9.919752180576324463e-02,-7.325366884469985962e-02,4.889559932053089142e-03,-4.212563857436180115e-02,-5.900219455361366272e-02,3.335304092615842819e-03,3.023294173181056976e-02,3.071455657482147217e-01
-6.154432892799377441e-01,-7.712046056985855103e-02,6.640008091926574707e-02,-2.293694913387298584e-01,3.546263650059700012e-02,-5.728439614176750183e-02,3.736907243728637695e-01,-4.324447363615036011e-02,3.913261927664279938e-03,-6.332122255116701126e-03,1.221774294972419739e-01,-3.875382617115974426e-02
-1.748728305101394653e-01,6.411749869585037231e-02,5.741249769926071167e-02,-9.249398857355117798e-02,-2.865196391940116882e-02,-9.742873953655362129e-04,3.454843163490295410e-02,1.026992946863174438e-01,1.930667012929916382e-01,-7.768961042165756226e-02,1.624747812747955322e-01,-1.706325858831405640e-01
2.439606189727783203e-02,1.646983437240123749e-02,1.687690056860446930e-02,-2.865501493215560913e-02,2.456379588693380356e-03,-3.485465794801712036e-02,-1.610748283565044403e-02,2.310003386810421944e-03,-3.099334193393588066e-03,-1.403151080012321472e-02,1.295241527259349823e-02,4.023039340972900391e-01
2.304483801126480103e-01,1.111033782362937927e-01,-7.593646645545959473e-03,2.519667446613311768e-01,5.128558352589607239e-02,1.721595078706741333e-01,4.028829634189605713e-01,-5.174380913376808167e-02,2.184616774320602417e-01,-7.939671277999877930e-01,-9.343615174293518066e-02,1.006621345877647400e-01
-6.956638097763061523e-01,4.168890789151191711e-02,-4.147768020629882812e-02,-4.532626271247863770e-01,-3.123094700276851654e-02,1.915650516748428345e-01,1.025558728724718094e-02,4.583718255162239075e-02,2.594673335552215576e-01,2.721367180347442627e-01,1.688091829419136047e-02,4.357144981622695923e-02
-1.131350249052047729e-01,-1.849597506225109100e-02,9.425800293684005737e-02,-1.054247170686721802e-01,3.200783953070640564e-02,1.471078395843505859e-01,4.214923083782196045e-01,-9.933830052614212036e-02,-4.265361279249191284e-02,1.691204309463500977e-01,-1.653560101985931396e-01,-2.339168637990951538e-02
1.186633557081222534e-01,2.022797800600528717e-02,-2.655141651630401611e-01,-4.291520416736602783e-01,1.712511330842971802e-01,-1.155387237668037415e-02,1.374713033437728882e-01,4.430560767650604248e-02,-3.737264499068260193e-02,3.016268014907836914e-01,1.952739804983139038e-01,7.334505766630172729e-02
-5.673041939735412598e-01,-1.091586723923683167e-01,2.598116919398307800e-02,2.464213818311691284e-01,1.724535226821899414e-01,-3.913655877113342285e-02,4.565226733684539795e-01,2.111905440688133240e-02,7.619292289018630981e-02,-5.157801508903503418e-01,1.387515962123870850e-01,-3.940830007195472717e-02
-1.054176166653633118e-01,-1.388724986463785172e-02,-1.722051501274108887e-01,-1.554265022277832031e-01,-6.736806780099868774e-02,8.828327804803848267e-02,6.441955268383026123e-02,1.139878481626510620e-01,-2.158039659261703491e-01,1.293005496263504028e-01,3.365054354071617126e-02,-2.441623061895370483e-01
-2.336642891168594360e-01,-4.586226865649223328e-02,5.223241820931434631e-02,-6.395631432533264160e-01,6.519643962383270264e-02,-9.457548707723617554e-02,8.728081732988357544e-02,6.333898752927780151e-02,-3.740765154361724854e-01,-5.909919273108243942e-03,-1.407999079674482346e-03,3.599888980388641357e-01
-3.293672204017639160e-02,-1.265108436346054077e-01,3.655549883842468262e-01,-1.089350879192352295e-01,-4.944187030196189880e-02,2.190945297479629517e-01,-5.991282686591148376e-02,-1.197617948055267334e-01,-1.472556497901678085e-02,2.230364531278610229e-01,-8.213682100176811218e-03,3.072465360164642334e-01
2.094911485910415649e-01,8.543652296066284180e-02,-9.240195900201797485e-02,-1.609489917755126953e-01,1.018705144524574280e-01,-2.115855365991592407e-01,1.761229038238525391e-01,3.837604308500885963e-03,-1.021816208958625793e-01,5.931176990270614624e-02,-9.284411789849400520e-04,6.631663441658020020e-02
4.043796956539154053e-01,-4.970133602619171143e-01,-2.588754594326019287e-01,-1.686810106039047241e-01,-1.213659942150115967e-01,3.107871413230895996e-01,-3.043622076511383057e-01,-3.013490885496139526e-02,-8.558600395917892456e-02,1.482816189527511597e-01,9.993705153465270996e-02,5.863665416836738586e-02
-1.331818103790283203e-01,-2.412008307874202728e-02,6.533492803573608398e-01,4.550319537520408630e-02,2.834621816873550415e-02,-5.768080428242683411e-02,4.980456829071044922e-02,2.455242909491062164e-03,4.877125844359397888e-02,4.148990660905838013e-02,-7.889320142567157745e-03,-7.027274463325738907e-03
1.582443118095397949e-01,7.079295068979263306e-02,6.847585737705230713e-02,5.394886136054992676e-01,-1.909470111131668091e-01,-2.824277579784393311e-01,8.476048707962036133e-02,-7.949032634496688843e-02,1.137400940060615540e-01,1.391993761062622070e-01,2.922724746167659760e-02,-1.202034577727317810e-01
-3.344974666833877563e-02,-1.249769926071166992e-01,1.090379729866981506e-01,-3.098528683185577393e-01,1.114015951752662659e-01,-1.922465711832046509e-01,-3.939732909202575684e-01,6.128432229161262512e-02,6.008281931281089783e-02,-1.691177636384963989e-01,-5.144730582833290100e-02,-2.413081526756286621e-01
-2.553798258304595947e-01,3.030552901327610016e-02,1.535217314958572388e-01,2.096998095512390137e-01,7.148385047912597656e-03,-9.198666363954544067e-02,3.047470748424530029e-01,9.430239349603652954e-02,-9.546993672847747803e-02,4.084419012069702148e-01,1.438246667385101318e-01,1.383816152811050415e-01
-1.854313462972640991e-01,7.663184660486876965e-04,3.075059652328491211e-01,4.740999937057495117e-01,-1.072249040007591248e-01,-3.398768305778503418e-01,-5.303660780191421509e-02,-4.319039732217788696e-02,7.059232890605926514e-02,-1.500077992677688599e-01,-6.339316070079803467e-02,-3.105807490646839142e-02
-1.014402657747268677e-01,-1.239588204771280289e-02,2.867243951186537743e-03,-1.278823316097259521e-01,-1.489026937633752823e-02,-6.363161653280258179e-02,-7.775954157114028931e-02,-6.761891394853591919e-02,-1.932523911818861961e-03,5.136606097221374512e-01,-2.072124183177947998e-02,3.393535688519477844e-02
1.560179889202117920e-01,-2.017671801149845123e-02,-2.854253351688385010e-02,-1.306244134902954102e-01,3.510361537337303162e-02,-2.134042233228683472e-01,-3.670972287654876709e-01,7.486854493618011475e-02,-3.617370873689651489e-02,-5.918148756027221680e-01,5.443697795271873474e-02,-4.391483590006828308e-02
-3.487583994865417480e-01,-4.795494489371776581e-03,1.151530668139457703e-01,1.305270940065383911e-01,3.108280599117279053e-01,1.586298793554306030e-01,-7.242577522993087769e-02,-2.445789054036140442e-02,8.787972480058670044e-02,1.074232831597328186e-01,1.678522080183029175e-01,-1.971205770969390869e-01
4.425843060016632080e-02,1.443708594888448715e-02,7.827143371105194092e-02,1.875848323106765747e-01,2.888658940792083740e-01,-7.202055305242538452e-02,1.070903465151786804e-01,-2.904532104730606079e-02,4.397312924265861511e-02,2.068456113338470459e-01,1.542024407535791397e-02,2.702186070382595062e-02
3.096998035907745361e-01,-1.156016811728477478e-02,-7.914426922798156738e-02,1.111780107021331787e-01,3.074028901755809784e-02,8.176345378160476685e-02,-2.392826527357101440e-01,2.280585654079914093e-02,-5.139103904366493225e-02,-5.571272689849138260e-03,-9.779642522335052490e-02,1.543311923742294312e-01
2.229477278888225555e-02,6.594035774469375610e-02,-1.063535641878843307e-02,7.491823285818099976e-02,1.246488373726606369e-02,-1.513029169291257858e-02,2.721823938190937042e-02,1.819206168875098228e-03,6.025410257279872894e-03,3.617786243557929993e-02,3.905062675476074219e-01,7.804195396602153778e-03
6.300795078277587891e-01,2.332236431539058685e-02,2.845266759395599365e-01,-2.361014783382415771e-01,-9.365096688270568848e-03,-9.199453145265579224e-02,3.114086091518402100e-01,-5.766934156417846680e-02,4.847548529505729675e-02,-2.448576837778091431e-01,-1.150956004858016968e-01,-3.279210650362074375e-04
1.021622307598590851e-02,-4.452263936400413513e-03,-1.522304862737655640e-02,2.063202485442161560e-02,4.736624192446470261e-03,3.792718052864074707e-02,-3.190975636243820190e-02,7.542965002357959747e-03,1.272622589021921158e-02,5.792926996946334839e-03,-1.842057332396507263e-02,-1.239630673080682755e-02
-6.249893456697463989e-03,8.571055950596928596e-04,-2.918073534965515137e-01,-8.418476209044456482e-04,-2.635332196950912476e-02,7.831923663616180420e-02,-3.434636443853378296e-02,4.996101185679435730e-02,-2.493473887443542480e-02,2.925700843334197998e-01,-8.402637206017971039e-03,1.272550076246261597e-01
-6.583005189895629883e-01,-5.075462162494659424e-02,2.041012942790985107e-01,-2.075586467981338501e-01,1.274323556572198868e-02,1.934496872127056122e-02,8.387330770492553711e-01,-1.213439330458641052e-01,-3.931867182254791260e-01,-2.631096839904785156e-01,1.181164160370826721e-01,-1.714997589588165283e-01
-9.737934917211532593e-02,1.358199268579483032e-01,-1.804060190916061401e-01,2.560908198356628418e-01,4.562870785593986511e-02,3.989741802215576172e-01,-2.811141014099121094e-01,3.889952972531318665e-02,-3.979956209659576416e-01,-6.482541561126708984e-01,-9.057104587554931641e-02,-6.998105347156524658e-02
7.394602298736572266e-01,4.263829812407493591e-02,1.568108648061752319e-01,-1.938260048627853394e-01,2.377850562334060669e-02,-5.909604951739311218e-03,3.527182042598724365e-01,3.620788082480430603e-02,-2.101594768464565277e-02,3.076720535755157471e-01,1.837790198624134064e-02,7.319787889719009399e-02
4.313510656356811523e-02,-3.723365068435668945e-02,-3.031665682792663574e-01,3.362774550914764404e-01,3.892712593078613281e-01,-8.655994199216365814e-03,1.174834072589874268e-01,3.522840514779090881e-02,-1.863649189472198486e-01,-4.551262855529785156e-01,7.645689416676759720e-03,5.871203914284706116e-02
3.757948800921440125e-02,1.264908015727996826e-01,1.563246846199035645e-01,-1.584483683109283447e-01,-1.131655368953943253e-02,1.898909918963909149e-02,-8.661652356386184692e-02,4.762910902500152588e-01,-2.266431897878646851e-01,-5.223963782191276550e-02,6.890915334224700928e-02,2.047224901616573334e-02
-7.135545015335083008e-01,2.280754148960113525e-01,1.016416996717453003e-01,6.000143289566040039e-01,1.843358576297760010e-01,-1.032721847295761108e-01,-1.019267588853836060e-01,-1.019757613539695740e-01,1.556373685598373413e-01,2.954040467739105225e-02,-1.511575132608413696e-01,-2.002245336771011353e-01
-6.333011388778686523e-01,-5.336532741785049438e-02,-9.921832382678985596e-02,2.135010994970798492e-02,1.117935180664062500e-01,-4.212407469749450684e-01,1.016357764601707458e-01,8.549027889966964722e-02,-1.134495288133621216e-01,2.863792479038238525e-01,2.344305068254470825e-02,7.181274145841598511e-02
-1.225977912545204163e-01,-9.166267514228820801e-02,-2.060103863477706909e-01,8.773680329322814941e-01,-1.790159009397029877e-02,-2.391645461320877075e-01,-3.597277402877807617e-02,-6.083051860332489014e-02,-1.653652191162109375e-01,-3.756590187549591064e-01,1.054465174674987793e-01,-2.324806898832321167e-01
3.185349702835083008e-02,-1.207712739706039429e-01,-2.024740166962146759e-02,-4.178528487682342529e-01,-9.570801258087158203e-02,5.079510211944580078e-01,1.666472703218460083e-01,-3.036950342357158661e-02,-1.811134815216064453e-01,-3.710531592369079590e-01,-6.915555149316787720e-02,-4.353336989879608154e-01
-8.406249433755874634e-02,1.068000718951225281e-01,3.727424144744873047e-01,-2.966857748106122017e-03,1.456180587410926819e-03,2.519122064113616943e-01,-2.265651710331439972e-02,-1.314635761082172394e-02,-8.149190992116928101e-02,-6.848625838756561279e-02,2.947711944580078125e-02,1.242683529853820801e-01
1.578867994248867035e-02,-2.000140547752380371e-01,-6.715387105941772461e-02,-4.384229332208633423e-02,-1.647141873836517334e-01,-2.781743556261062622e-02,4.543590247631072998e-01,-5.262139812111854553e-02,1.144683510065078735e-01,2.925072908401489258e-01,6.702964007854461670e-02,-9.538018703460693359e-02
1.096944287419319153e-01,1.580410450696945190e-01,-1.681306958198547363e-01,6.489805132150650024e-02,-7.429532706737518311e-02,1.969660818576812744e-01,-4.505491629242897034e-02,9.808672964572906494e-02,-7.256538420915603638e-02,5.348967313766479492e-01,-7.816961407661437988e-02,-4.587298259139060974e-02
1.135314330458641052e-01,2.676408365368843079e-02,1.697931140661239624e-01,-1.269159018993377686e-01,7.907829247415065765e-03,8.246660232543945312e-02,-8.797373622655868530e-02,-3.456078097224235535e-02,2.438601255416870117e-01,-1.461595147848129272e-01,-6.997045874595642090e-02,-1.510295122861862183e-01
-2.527406513690948486e-01,3.992396593093872070e-01,-5.266233682632446289e-01,-2.247988134622573853e-01,4.922498017549514771e-02,-2.022290229797363281e-01,2.008400559425354004e-01,-1.906821727752685547e-01,1.889345645904541016e-01,-3.885840177536010742e-01,3.479515388607978821e-02,-9.576735645532608032e-02
6.380235403776168823e-02,2.052632421255111694e-01,-3.344840705394744873e-01,3.367549180984497070e-01,6.130697578191757202e-02,-9.160188585519790649e-02,2.602210827171802521e-02,1.443477906286716461e-02,1.775257661938667297e-02,1.453158110380172729e-01,2.651508338749408722e-02,7.239954918622970581e-02
-2.019083797931671143e-01,9.819912165403366089e-02,-2.197102308273315430e-01,6.234281230717897415e-03,4.750147834420204163e-02,-1.431875824928283691e-01,1.242002025246620178e-01,8.036028593778610229e-02,-9.575559198856353760e-02,-1.977758705615997314e-01,1.393465101718902588e-01,-1.359632611274719238e-01
-3.425237163901329041e-02,9.284678101539611816e-02,-1.441468447446823120e-01,-1.712743192911148071e-01,7.971297204494476318e-02,-6.942822039127349854e-02,1.559361666440963745e-01,2.679385803639888763e-02,4.375690221786499023e-02,-1.194553256034851074e+00,1.724099740386009216e-02,5.733601450920104980e-01
-1.274895817041397095e-01,-1.486058086156845093e-01,-1.137568503618240356e-01,-1.818281859159469604e-01,-1.518704295158386230e-01,-2.342628240585327148e-01,-9.085299074649810791e-02,6.120782718062400818e-02,1.068060398101806641e-01,-4.142880737781524658e-01,-1.648196950554847717e-02,-1.861214935779571533e-01
-5.347457528114318848e-01,-8.466171473264694214e-02,1.434902399778366089e-01,3.031994104385375977e-01,1.865243166685104370e-02,7.838078737258911133e-01,2.264191061258316040e-01,-6.499208509922027588e-02,-1.093881949782371521e-01,-1.211034953594207764e-01,-6.474290043115615845e-02,5.391604453325271606e-02
9.480720013380050659e-02,-4.935474693775177002e-02,-1.053013578057289124e-01,3.906307220458984375e-01,-1.326711922883987427e-01,-2.933480218052864075e-02,-2.221453189849853516e-01,-2.540941350162029266e-03,1.160226464271545410e-01,-9.864742308855056763e-02,2.422343753278255463e-02,3.765719234943389893e-01
-4.119000732898712158e-01,4.294848442077636719e-02,-1.069841235876083374e-01,-7.874051481485366821e-02,6.844632327556610107e-02,-7.198836207389831543e-01,-1.471122503280639648e-01,4.240093231201171875e-01,4.675542470067739487e-03,7.079995870590209961e-01,-7.361660711467266083e-03,-1.332317739725112915e-01
-5.088607221841812134e-02,3.343224152922630310e-02,-6.853147596120834351e-02,4.528402350842952728e-03,5.954239983111619949e-03,2.656537592411041260e-01,-1.751040071249008179e-01,4.026888310909271240e-02,3.332869336009025574e-02,-1.134916543960571289e-01,-3.348794206976890564e-02,4.438761174678802490e-01
6.006811745464801788e-03,-1.971329934895038605e-02,2.291113324463367462e-02,-4.768521189689636230e-01,-4.625055193901062012e-02,2.675724402070045471e-02,-3.196083605289459229e-01,-2.212571911513805389e-02,-7.171931117773056030e-02,-2.105516642332077026e-01,-8.384472690522670746e-03,5.575608834624290466e-02
2.652217261493206024e-02,4.393133819103240967e-01,-1.927867718040943146e-02,-5.169470310211181641e-01,7.236199080944061279e-02,-4.170427322387695312e-01,1.040997803211212158e-01,5.223637819290161133e-02,-2.317658960819244385e-01,-1.398338824510574341e-01,-2.437222935259342194e-02,-1.773165762424468994e-01
-6.592775136232376099e-02,-3.932101186364889145e-03,-3.289751708507537842e-02,-1.654843091964721680e-01,-4.246295988559722900e-02,6.051815301179885864e-02,-3.028653264045715332e-01,-2.579015120863914490e-02,-3.100161207839846611e-03,-1.858180910348892212e-01,-5.835410207509994507e-02,-9.999604523181915283e-02
1.702333800494670868e-02,-2.972711063921451569e-02,-6.026047840714454651e-02,-5.120835304260253906e-01,-4.618898779153823853e-02,2.764621004462242126e-02,-2.642000317573547363e-01,-4.538216814398765564e-02,-4.468270763754844666e-02,1.145799681544303894e-01,4.591040313243865967e-02,-5.710216611623764038e-02
3.703677356243133545e-01,-8.139478415250778198e-02,9.050461649894714355e-02,-3.141570687294006348e-01,5.204179883003234863e-02,-2.565851807594299316e-01,-1.519854664802551270e-01,-2.747672051191329956e-02,3.247521817684173584e-01,-5.775575060397386551e-03,-1.190049275755882263e-01,1.328989416360855103e-01
-4.565544426441192627e-02,7.361140102148056030e-02,-3.056133389472961426e-01,3.050520122051239014e-01,2.809408679604530334e-02,1.727823913097381592e-01,4.255314767360687256e-01,7.564216107130050659e-02,-1.226553544402122498e-01,-4.261823296546936035e-01,3.554277122020721436e-02,-1.817355118691921234e-02
-1.166895776987075806e-01,6.732423207722604275e-04,1.177038699388504028e-01,-1.061316952109336853e-01,-5.887217447161674500e-02,-3.157340884208679199e-01,-5.396688580513000488e-01,7.558366656303405762e-02,9.942166507244110107e-02,1.448065936565399170e-01,1.486163958907127380e-02,-2.655253708362579346e-01
-1.988386809825897217e-01,-1.356187164783477783e-01,-1.260547339916229248e-01,5.377258658409118652e-01,2.362744510173797607e-02,-1.826572120189666748e-01,-2.698442339897155762e-01,-4.074577242136001587e-02,-1.103697065263986588e-02,-1.845369338989257812e-01,-8.839223533868789673e-02,-1.183543130755424500e-01
1.347133666276931763e-01,-7.983923703432083130e-02,1.847801380790770054e-03,-1.916950047016143799e-01,7.646185159683227539e-02,1.263016313314437866e-01,-7.014133334159851074e-01,-1.422884464263916016e-01,1.546467393636703491e-01,3.623850643634796143e-01,1.211356073617935181e-01,8.293809890747070312e-01
5.369645729660987854e-02,-4.500893875956535339e-02,7.856664061546325684e-02,5.298679694533348083e-02,-2.340590395033359528e-02,4.804646960110403597e-05,1.083958670496940613e-01,6.713689863681793213e-02,8.137492090463638306e-02,2.171138375997543335e-01,-2.455507405102252960e-02,-8.096578717231750488e-02
6.167025770992040634e-03,-2.224957384169101715e-02,1.417527999728918076e-02,-1.069834083318710327e-02,2.955286949872970581e-02,1.642123050987720490e-02,-1.297242380678653717e-02,-1.575784198939800262e-02,2.334554446861147881e-03,1.076624728739261627e-03,-4.348561633378267288e-03,-1.446959376335144043e-02
1.192563697695732117e-01,-1.612280160188674927e-01,-1.793401241302490234e-01,1.248266845941543579e-01,-4.582992568612098694e-02,-1.247239634394645691e-01,-4.066250920295715332e-01,3.304974734783172607e-01,-1.078537479043006897e-01,1.136355847120285034e-01,-2.174221165478229523e-02,1.636264920234680176e-01
1.948253810405731201e-01,9.947772324085235596e-02,5.337078124284744263e-02,-3.591229207813739777e-03,1.471898425370454788e-02,4.375772178173065186e-02,5.937156453728675842e-02,-4.062237590551376343e-02,1.232437491416931152e-01,1.651823287829756737e-03,-1.545896404422819614e-03,6.291586905717849731e-02
8.810204453766345978e-03,2.907670140266418457e-01,8.828384429216384888e-02,9.073621034622192383e-02,1.771487877704203129e-03,1.311903446912765503e-01,7.063623517751693726e-02,5.034754797816276550e-02,-2.934302091598510742e-01,-3.431801870465278625e-02,9.755899012088775635e-02,-2.652284204959869385e-01
2.017841786146163940e-01,-9.919156134128570557e-02,-4.009706676006317139e-01,-1.914305090904235840e-01,-6.872730702161788940e-02,1.401548534631729126e-01,-3.956302627921104431e-02,-2.768934145569801331e-02,-7.742763310670852661e-02,-5.512372255325317383e-01,-7.877589017152786255e-02,2.433711662888526917e-02
-4.580100476741790771e-01,-9.623417281545698643e-05,7.035863399505615234e-02,1.473588645458221436e-01,-3.677453100681304932e-02,1.349982321262359619e-01,-2.335020154714584351e-01,1.047425344586372375e-02,-2.567722797393798828e-01,8.572937548160552979e-02,-8.204887807369232178e-02,-6.346850842237472534e-02
4.833589866757392883e-02,1.657563145272433758e-03,4.696355387568473816e-02,4.027326405048370361e-01,1.126064918935298920e-02,-8.346098661422729492e-02,5.669866222888231277e-03,-3.901452943682670593e-02,9.932858869433403015e-03,2.664021849632263184e-01,-5.745610687881708145e-03,4.157477244734764099e-02
1.219491213560104370e-01,1.468356549739837646e-01,1.233826205134391785e-01,3.471944332122802734e-01,1.336963921785354614e-01,-5.743547528982162476e-02,6.270861625671386719e-02,5.458829924464225769e-02,2.982843518257141113e-01,-4.025645852088928223e-01,-3.937368467450141907e-02,-1.668181270360946655e-01
-2.813030481338500977e-01,2.511280775070190430e-01,2.085568383336067200e-02,-1.767735332250595093e-01,-1.113148499280214310e-02,1.093952655792236328e-01,-7.465415447950363159e-02,3.498805686831474304e-02,1.936826407909393311e-01,-1.127582415938377380e-01,-4.834593459963798523e-02,7.895766198635101318e-02
-2.396973222494125366e-01,-1.235802024602890015e-01,5.226202011108398438e-01,-1.995362639427185059e-01,3.730052337050437927e-02,1.438923925161361694e-01,-5.779534578323364258e-01,5.544198676943778992e-02,4.067703709006309509e-02,-7.562695741653442383e-01,-1.007524225860834122e-02,-6.430651992559432983e-02
-3.736043572425842285e-01,-1.118220686912536621e-01,1.724253743886947632e-01,6.856671720743179321e-02,3.005334138870239258e-01,-1.117133721709251404e-01,2.423237264156341553e-01,-6.854758411645889282e-02,-3.171676397323608398e-02,-1.463709920644760132e-01,1.915097683668136597e-01,1.440589409321546555e-02
-1.672652363777160645e-01,2.449849992990493774e-02,-6.550639867782592773e-02,-2.550101839005947113e-02,-5.082083493471145630e-02,-1.737161278724670410e-01,-1.212883070111274719e-01,-1.381578296422958374e-02,7.505762577056884766e-02,-9.565357118844985962e-02,1.480291783809661865e-01,7.699278648942708969e-03
3.467533886432647705e-01,1.526978053152561188e-02,-1.206179037690162659e-01,3.134123384952545166e-01,-5.084300786256790161e-02,7.420263439416885376e-02,-1.981445401906967163e-02,-4.059113189578056335e-02,-2.192054502665996552e-02,1.190872788429260254e-01,-1.585526578128337860e-02,-5.549539253115653992e-02
-6.129131317138671875e-01,-1.246347129344940186e-01,1.314600855112075806e-01,1.258597224950790405e-01,-1.054454874247312546e-02,-1.487241536378860474e-01,-2.839194238185882568e-01,-2.490087971091270447e-02,-4.957282543182373047e-02,-9.783653169870376587e-02,3.696648404002189636e-02,-4.933939315378665924e-03
2.858757972717285156e-01,-8.675091713666915894e-02,-1.772724092006683350e-01,2.210680022835731506e-02,1.176460087299346924e-01,-5.238113179802894592e-02,3.949720039963722229e-02,-4.747933149337768555e-02,-5.721283704042434692e-02,-7.389946281909942627e-02,6.964757293462753296e-02,-3.889165520668029785e-01
-7.720917463302612305e-01,1.914443913847208023e-03,7.387151569128036499e-02,2.907381355762481689e-01,1.588044762611389160e-01,5.093462467193603516e-01,-3.225505650043487549e-01,-8.477021753787994385e-02,-6.007332354784011841e-02,7.603517174720764160e-01,-1.580752432346343994e-01,-7.317107170820236206e-02
-1.061200797557830811e-01,1.171798165887594223e-02,2.183059044182300568e-02,-1.761323213577270508e-01,3.569207713007926941e-02,-4.354147911071777344e-01,-5.796224251389503479e-02,1.112789139151573181e-01,-1.941686421632766724e-01,7.626432925462722778e-02,-3.933565318584442139e-02,-1.583492904901504517e-01
2.336449623107910156e-01,-4.301248118281364441e-02,5.451930686831474304e-02,5.838887020945549011e-02,-4.345625266432762146e-02,3.366814181208610535e-02,-2.057260423898696899e-01,-5.201545078307390213e-03,2.244929820299148560e-01,2.409415394067764282e-01,-6.553602963685989380e-02,2.546060383319854736e-01
4.940820485353469849e-02,-2.156922519207000732e-01,9.824684262275695801e-02,5.833408609032630920e-02,2.825458534061908722e-02,-6.738033145666122437e-02,-3.674945235252380371e-01,7.394948601722717285e-02,1.718633919954299927e-01,9.020266681909561157e-02,-2.741579338908195496e-02,1.375507861375808716e-01
-1.856764778494834900e-02,-1.143709570169448853e-02,-2.877427451312541962e-02,2.866122685372829437e-02,-8.685716241598129272e-02,1.270456239581108093e-02,2.432002723217010498e-01,-1.409354805946350098e-02,7.537400722503662109e-02,-4.476690590381622314e-01,-4.942177608609199524e-02,1.586212664842605591e-01
1.282759189605712891e+00,-2.535864412784576416e-01,1.200136989355087280e-01,-3.286248743534088135e-01,1.850318610668182373e-01,-1.294057816267013550e-01,-6.778749078512191772e-02,-2.193932980298995972e-02,2.687101066112518311e-01,-3.464603722095489502e-01,2.180901914834976196e-01,5.834259092807769775e-02
1.234268397092819214e-01,2.602107450366020203e-02,2.101061791181564331e-01,1.638480424880981445e-01,5.939929187297821045e-02,4.264750704169273376e-02,-6.329605728387832642e-02,-4.237681254744529724e-02,-1.318375170230865479e-01,-1.911499053239822388e-01,-4.353124275803565979e-02,-2.742794752120971680e-01
1.665729582309722900e-01,5.896405130624771118e-02,-7.230325043201446533e-02,-4.130171835422515869e-01,-1.571522653102874756e-01,-2.003551274538040161e-01,1.191019266843795776e-01,-4.195837303996086121e-02,-2.788155339658260345e-02,-1.369999498128890991e-01,2.339211851358413696e-02,1.826018542051315308e-01
-5.276597142219543457e-01,3.788006305694580078e-02,-9.334893897175788879e-03,2.768240869045257568e-01,4.536843672394752502e-02,-4.120149463415145874e-02,7.408099621534347534e-02,4.841917380690574646e-02,-1.679218746721744537e-02,-3.076204061508178711e-01,8.914452046155929565e-03,2.849143557250499725e-02
1.092408895492553711e-01,-2.964527904987335205e-01,7.690835744142532349e-02,8.760409057140350342e-02,6.489821709692478180e-03,1.078085880726575851e-02,1.327779591083526611e-01,-2.178024500608444214e-02,1.131083909422159195e-02,9.453807026147842407e-02,-5.532073602080345154e-02,5.846937745809555054e-02
1.075424998998641968e-01,-5.779112502932548523e-02,7.868699729442596436e-02,8.570446074008941650e-02,7.234178483486175537e-02,2.295685857534408569e-01,7.947541773319244385e-02,6.751704216003417969e-02,-1.164016425609588623e-01,7.335971295833587646e-02,4.169478546828031540e-03,-1.928406357765197754e-01
6.688967347145080566e-01,1.647865958511829376e-02,-1.502394080162048340e-01,2.430666834115982056e-01,6.655744463205337524e-02,7.170761004090309143e-03,-4.100129008293151855e-01,-1.620841957628726959e-02,2.099927961826324463e-01,-5.914893746376037598e-01,-8.079407364130020142e-02,-7.996296882629394531e-02
-1.145352199673652649e-01,-2.439824864268302917e-02,-2.152682989835739136e-01,-2.768073976039886475e-02,1.006535664200782776e-01,-4.754135385155677795e-02,-1.115466132760047913e-01,-1.234112754464149475e-01,1.223248690366744995e-01,-1.428362876176834106e-01,1.060267686843872070e-01,-1.769052632153034210e-02
-5.289277434349060059e-01,7.778106629848480225e-02,-2.026359736919403076e-01,-3.728818893432617188e-02,-3.937226906418800354e-02,-1.303986180573701859e-02,-7.958114147186279297e-02,6.875687092542648315e-02,3.806965053081512451e-01,3.138435184955596924e-01,-4.409585520625114441e-02,1.056544482707977295e-02
6.322349309921264648e-01,2.471994981169700623e-02,4.023011773824691772e-02,-9.538104385137557983e-02,1.166471745818853378e-02,-1.232864987105131149e-02,-3.855577111244201660e-01,-1.377435214817523956e-02,6.443639844655990601e-02,-7.590810656547546387e-01,6.070917844772338867e-02,7.983067631721496582e-02
2.523494064807891846e-01,1.870317608118057251e-01,-1.784156113862991333e-01,3.934556841850280762e-01,1.423646509647369385e-01,1.523158699274063110e-01,-1.802651435136795044e-01,7.648807018995285034e-02,5.636578425765037537e-02,-1.530978232622146606e-01,-6.605729460716247559e-02,-9.525936841964721680e-02
3.181982934474945068e-01,-1.028699949383735657e-01,2.988352440297603607e-02,-2.382358014583587646e-01,1.368190646171569824e-01,-4.246732592582702637e-02,5.914841778576374054e-03,-4.386753961443901062e-02,3.256291449069976807e-01,4.398134052753448486e-01,8.449465036392211914e-03,-1.887717097997665405e-02
6.193451210856437683e-02,4.005013033747673035e-02,2.028648704290390015e-01,9.792992472648620605e-01,-2.397563867270946503e-02,-2.238520979881286621e-02,7.024594396352767944e-02,-1.042307820171117783e-02,9.587457403540611267e-03,1.907504280097782612e-03,-1.210588216781616211e-01,-5.417161807417869568e-02
-9.106087684631347656e-01,2.033073082566261292e-02,-2.021552324295043945e-01,-2.749764323234558105e-01,8.022811263799667358e-02,4.559643939137458801e-02,1.064409017562866211e-01,1.068385690450668335e-02,-5.134841054677963257e-02,-3.250557780265808105e-01,3.134241327643394470e-02,9.180695563554763794e-02
6.159372627735137939e-02,-1.260626763105392456e-01,1.148468106985092163e-01,1.587777286767959595e-01,4.152609780430793762e-02,-1.726538389921188354e-01,4.467110633850097656e-01,5.091926082968711853e-02,9.728693962097167969e-02,-2.702100761234760284e-02,7.704616058617830276e-03,2.019905149936676025e-01
5.157358646392822266e-01,9.406302124261856079e-02,1.617936640977859497e-01,1.196899339556694031e-01,1.207485049962997437e-02,4.350617229938507080e-01,-8.889095485210418701e-02,1.025781705975532532e-01,9.560282342135906219e-04,8.242174983024597168e-01,1.248848065733909607e-01,2.504095435142517090e-02
-2.786357887089252472e-02,-8.061300963163375854e-02,-2.939464896917343140e-02,6.993226706981658936e-02,1.691455990076065063e-01,2.710656523704528809e-01,6.662155687808990479e-02,-1.586657948791980743e-02,-9.702611714601516724e-02,-3.432083427906036377e-01,-4.656631499528884888e-02,9.034603834152221680e-02
4.257244523614645004e-03,-9.316217154264450073e-02,-6.729443371295928955e-02,7.795349359512329102e-01,1.173522323369979858e-02,4.209439456462860107e-01,-3.023824691772460938e-01,5.475778505206108093e-02,-2.459935247898101807e-01,4.934228956699371338e-01,-1.783056557178497314e-02,-9.681266546249389648e-02
-4.522729516029357910e-01,5.164161324501037598e-02,1.195957660675048828e-01,3.961702436208724976e-02,4.447006061673164368e-02,1.421541627496480942e-02,-2.516922652721405029e-01,-7.656912505626678467e-02,2.223120769485831261e-03,4.527882933616638184e-01,-3.280940651893615723e-02,1.021690815687179565e-01
1.289732605218887329e-01,4.686241447925567627e-01,-3.268374875187873840e-02,2.224867790937423706e-01,9.336259961128234863e-02,-7.554078847169876099e-02,1.352329105138778687e-01,2.338138408958911896e-03,2.109956741333007812e-02,6.141978781670331955e-03,5.538746714591979980e-02,-9.553182125091552734e-02
2.750853896141052246e-01,-7.716195285320281982e-02,-2.972635626792907715e-02,-1.290656477212905884e-01,3.077620640397071838e-02,3.444798057898879051e-03,4.270818531513214111e-01,-4.905201867222785950e-02,-6.833147723227739334e-03,3.168610334396362305e-01,-1.299505028873682022e-02,4.545450955629348755e-02
4.943238198757171631e-01,-3.936914261430501938e-03,-1.453115940093994141e-01,7.742105051875114441e-03,6.516020745038986206e-02,2.012013643980026245e-01,4.417366981506347656e-01,-3.065576776862144470e-03,-4.447938874363899231e-02,1.205266714096069336e-01,-1.248073857277631760e-02,-8.681473881006240845e-02
-1.021063104271888733e-01,-2.755842730402946472e-02,2.373519688844680786e-01,4.407057166099548340e-01,-3.383472934365272522e-02,1.440505385398864746e-01,1.927132904529571533e-01,2.922021318227052689e-03,3.560442030429840088e-01,9.476984143257141113e-01,1.248127222061157227e-02,2.483991906046867371e-02
2.423730492591857910e-01,5.312112718820571899e-02,2.970531396567821503e-02,-6.290898323059082031e-01,8.693819865584373474e-03,-1.494546141475439072e-02,-9.343459457159042358e-02,-5.863537639379501343e-02,-5.723792314529418945e-02,1.268228590488433838e-01,-1.512594521045684814e-02,6.142531707882881165e-02
-2.874356806278228760e-01,2.999462746083736420e-02,3.975662961602210999e-02,-4.359732195734977722e-02,-4.043139517307281494e-02,-4.746069386601448059e-02,-3.300058245658874512e-01,6.504627317190170288e-02,-7.397670298814773560e-02,4.035035893321037292e-02,1.457560807466506958e-01,-9.206215292215347290e-02
7.222685962915420532e-02,-3.738391445949673653e-03,-4.572401344776153564e-01,5.388966202735900879e-02,-1.261699497699737549e-01,-1.387819834053516388e-02,1.723780035972595215e-01,-1.601779460906982422e-02,-4.933248087763786316e-02,-1.115044206380844116e-01,6.044287607073783875e-02,-9.204817563295364380e-02
-1.379919052124023438e-01,5.179308354854583740e-02,1.582501679658889771e-01,7.290587294846773148e-03,5.668844282627105713e-02,2.622137963771820068e-01,-6.324324756860733032e-02,-1.201856732368469238e-01,2.416058331727981567e-01,-4.980944842100143433e-02,-6.726399809122085571e-02,4.650589451193809509e-02
2.546951472759246826e-01,-5.911140143871307373e-02,-2.852519750595092773e-01,-4.333648085594177246e-02,2.648520097136497498e-02,-1.923190802335739136e-01,9.006718546152114868e-02,1.471743881702423096e-01,-1.136892847716808319e-02,2.187785953283309937e-01,4.054743051528930664e-02,-5.206140503287315369e-02
-4.441854953765869141e-01,1.803605817258358002e-02,5.592996254563331604e-02,7.509856671094894409e-02,3.556019067764282227e-02,1.091310456395149231e-01,2.850186526775360107e-01,-1.197502315044403076e-01,1.959045603871345520e-02,3.583202660083770752e-01,3.390127047896385193e-02,2.093741297721862793e-02
-1.327713608741760254e+00,1.129493191838264465e-01,-8.896011114120483398e-02,4.209952056407928467e-01,-1.221886798739433289e-01,-2.628736197948455811e-01,2.393658086657524109e-02,6.605426222085952759e-02,5.930034443736076355e-02,-3.324601650238037109e-01,-1.097302138805389404e-01,-2.630250900983810425e-02
5.908888299018144608e-03,3.310705721378326416e-01,-1.903516985476016998e-02,-2.244448512792587280e-01,-6.109899654984474182e-02,2.143023312091827393e-01,-2.957823574542999268e-01,-7.378941774368286133e-02,3.532536700367927551e-02,4.480906948447227478e-02,-4.072133824229240417e-02,4.271170124411582947e-02
6.274713873863220215e-01,4.424303025007247925e-02,1.249865442514419556e-01,5.347791910171508789e-01,-6.938262283802032471e-02,1.235231477767229080e-02,-1.270826309919357300e-01,-2.743067033588886261e-02,-1.585146635770797729e-01,1.008848920464515686e-01,2.718927897512912750e-02,1.007299050688743591e-01
-1.158649027347564697e-01,1.149468049407005310e-01,1.854740530252456665e-01,9.935315847396850586e-01,4.238104447722434998e-02,-2.798996269702911377e-01,-8.500868827104568481e-02,8.131369017064571381e-03,5.045767426490783691e-01,-3.049609959125518799e-01,-1.116613671183586121e-01,-1.701149791479110718e-01
1.290132641792297363e+00,4.702051356434822083e-02,-1.664723455905914307e-01,-3.838538378477096558e-02,-1.534772850573062897e-02,-1.732639819383621216e-01,-1.826352626085281372e-02,8.296481519937515259e-02,1.747899659676477313e-05,9.119410067796707153e-02,-1.432045400142669678e-01,-3.575720489025115967e-01
5.545667558908462524e-02,-6.683573126792907715e-02,1.435205787420272827e-01,4.817912876605987549e-01,3.861068934202194214e-02,1.296919435262680054e-01,3.125486671924591064e-01,-1.576316654682159424e-01,-1.866663545370101929e-01,-1.589664071798324585e-01,5.509735643863677979e-02,7.531867921352386475e-02
3.700159117579460144e-02,8.892219513654708862e-03,1.767061352729797363e-01,2.599713206291198730e-01,-6.052067875862121582e-02,4.861823841929435730e-02,5.334960818290710449e-01,9.142993949353694916e-03,8.264742791652679443e-02,4.299930334091186523e-01,-7.303843647241592407e-02,1.963276267051696777e-01
-2.389764785766601562e-01,7.562316209077835083e-02,5.626196414232254028e-02,-2.212586700916290283e-01,4.555818438529968262e-02,-5.447423830628395081e-02,-4.558141231536865234e-01,-1.165037509053945541e-02,3.603307008743286133e-01,-2.103903889656066895e-01,-5.292308703064918518e-02,1.875850707292556763e-01
